id,count,unixtime,company
0,301,1588069770,jumpb
1,302,1588070661,jumpb
2,303,1588071552,jumpb
3,303,1588072443,jumpb
4,304,1588073334,jumpb
5,304,1588074225,jumpb
6,305,1588075116,jumpb
7,304,1588076007,jumpb
8,303,1588076898,jumpb
9,303,1588077789,jumpb
10,303,1588078680,jumpb
11,303,1588079571,jumpb
12,302,1588080462,jumpb
13,302,1588081353,jumpb
14,302,1588082244,jumpb
15,300,1588083135,jumpb
16,301,1588084027,jumpb
17,301,1588084918,jumpb
18,302,1588085809,jumpb
19,301,1588086700,jumpb
20,300,1588087591,jumpb
21,301,1588088481,jumpb
22,300,1588089373,jumpb
23,302,1588090264,jumpb
24,300,1588091155,jumpb
25,299,1588092046,jumpb
26,300,1588092937,jumpb
27,296,1588093828,jumpb
28,298,1588094720,jumpb
29,296,1588095612,jumpb
30,295,1588096503,jumpb
31,294,1588097394,jumpb
32,292,1588098285,jumpb
33,290,1588099176,jumpb
34,290,1588100067,jumpb
35,296,1588100958,jumpb
36,295,1588101849,jumpb
37,295,1588102740,jumpb
38,290,1588103631,jumpb
39,295,1588104522,jumpb
40,293,1588105413,jumpb
41,289,1588106305,jumpb
42,283,1588107196,jumpb
43,285,1588108087,jumpb
44,284,1588108978,jumpb
45,286,1588109869,jumpb
46,280,1588110760,jumpb
47,267,1588111651,jumpb
48,265,1588112543,jumpb
49,267,1588113433,jumpb
50,259,1588114325,jumpb
51,265,1588115216,jumpb
52,265,1588116107,jumpb
53,266,1588116998,jumpb
54,260,1588117889,jumpb
55,261,1588118780,jumpb
56,264,1588119671,jumpb
57,271,1588120562,jumpb
58,269,1588121453,jumpb
59,269,1588122344,jumpb
60,272,1588123235,jumpb
61,272,1588124127,jumpb
62,273,1588125018,jumpb
63,270,1588125909,jumpb
64,273,1588126801,jumpb
65,270,1588127692,jumpb
66,264,1588128583,jumpb
67,272,1588129474,jumpb
68,270,1588130365,jumpb
69,286,1588131257,jumpb
70,287,1588132147,jumpb
71,289,1588133038,jumpb
72,290,1588133930,jumpb
73,295,1588134821,jumpb
74,297,1588135711,jumpb
75,298,1588136603,jumpb
76,297,1588137494,jumpb
77,297,1588138385,jumpb
78,297,1588139275,jumpb
79,297,1588140167,jumpb
80,298,1588141058,jumpb
81,298,1588141949,jumpb
82,296,1588142840,jumpb
83,297,1588143731,jumpb
84,296,1588144622,jumpb
85,297,1588145513,jumpb
86,297,1588146405,jumpb
87,297,1588147296,jumpb
88,297,1588148187,jumpb
89,297,1588149078,jumpb
90,297,1588149969,jumpb
91,296,1588150860,jumpb
92,296,1588151751,jumpb
93,296,1588152642,jumpb
94,296,1588153533,jumpb
95,297,1588154424,jumpb
96,297,1588155315,jumpb
97,296,1588156206,jumpb
98,297,1588157097,jumpb
99,297,1588157988,jumpb
100,297,1588158880,jumpb
101,297,1588159771,jumpb
102,297,1588160662,jumpb
103,296,1588161553,jumpb
104,297,1588162444,jumpb
105,298,1588163335,jumpb
106,297,1588164227,jumpb
107,297,1588165118,jumpb
108,298,1588166009,jumpb
109,297,1588166900,jumpb
110,298,1588167791,jumpb
111,298,1588168682,jumpb
112,298,1588169572,jumpb
113,297,1588170463,jumpb
114,297,1588171354,jumpb
115,295,1588172245,jumpb
116,297,1588173136,jumpb
117,297,1588174027,jumpb
118,298,1588174918,jumpb
119,296,1588175809,jumpb
120,296,1588176701,jumpb
121,297,1588177592,jumpb
122,296,1588178483,jumpb
123,295,1588179374,jumpb
124,294,1588180266,jumpb
125,297,1588181157,jumpb
126,292,1588182048,jumpb
127,293,1588182939,jumpb
128,289,1588183830,jumpb
129,288,1588184721,jumpb
130,290,1588185613,jumpb
131,292,1588186504,jumpb
132,292,1588187395,jumpb
133,294,1588188286,jumpb
134,291,1588189177,jumpb
135,289,1588190068,jumpb
136,285,1588190959,jumpb
137,288,1588191850,jumpb
138,291,1588192741,jumpb
139,287,1588193632,jumpb
140,293,1588194524,jumpb
141,294,1588195415,jumpb
142,291,1588196307,jumpb
143,285,1588197198,jumpb
144,285,1588198089,jumpb
145,286,1588198980,jumpb
146,285,1588199871,jumpb
147,283,1588200762,jumpb
148,280,1588201653,jumpb
149,274,1588202544,jumpb
150,272,1588203436,jumpb
151,269,1588204327,jumpb
152,269,1588205218,jumpb
153,270,1588206109,jumpb
154,269,1588207000,jumpb
155,265,1588207891,jumpb
156,267,1588208782,jumpb
157,265,1588209673,jumpb
158,264,1588210564,jumpb
159,267,1588211455,jumpb
160,265,1588212346,jumpb
161,272,1588213237,jumpb
162,274,1588214128,jumpb
163,277,1588215020,jumpb
164,273,1588215912,jumpb
165,269,1588216803,jumpb
166,274,1588217695,jumpb
167,273,1588218586,jumpb
168,286,1588219477,jumpb
169,287,1588220368,jumpb
170,286,1588221259,jumpb
171,287,1588222150,jumpb
172,287,1588223041,jumpb
173,287,1588223932,jumpb
174,286,1588224823,jumpb
175,287,1588225714,jumpb
176,287,1588226605,jumpb
177,288,1588227497,jumpb
178,287,1588228388,jumpb
179,287,1588229279,jumpb
180,285,1588230170,jumpb
181,287,1588231061,jumpb
182,286,1588231952,jumpb
183,285,1588232843,jumpb
184,285,1588233734,jumpb
185,285,1588234625,jumpb
186,287,1588235516,jumpb
187,287,1588236407,jumpb
188,286,1588237299,jumpb
189,285,1588238190,jumpb
190,285,1588239081,jumpb
191,287,1588239972,jumpb
192,287,1588240863,jumpb
193,287,1588241754,jumpb
194,287,1588242645,jumpb
195,286,1588243536,jumpb
196,286,1588244427,jumpb
197,286,1588245319,jumpb
198,285,1588246210,jumpb
199,285,1588247101,jumpb
200,285,1588247992,jumpb
201,286,1588248883,jumpb
202,286,1588249774,jumpb
203,286,1588250668,jumpb
204,285,1588251559,jumpb
205,286,1588252450,jumpb
206,285,1588253341,jumpb
207,286,1588254232,jumpb
208,285,1588255123,jumpb
209,284,1588256015,jumpb
210,283,1588256906,jumpb
211,285,1588257797,jumpb
212,285,1588258689,jumpb
213,284,1588259580,jumpb
214,285,1588260471,jumpb
215,284,1588261362,jumpb
216,284,1588262253,jumpb
217,284,1588263144,jumpb
218,285,1588264035,jumpb
219,284,1588264927,jumpb
220,285,1588265817,jumpb
221,286,1588266708,jumpb
222,283,1588267599,jumpb
223,284,1588268490,jumpb
224,284,1588269381,jumpb
225,285,1588270272,jumpb
226,280,1588271163,jumpb
227,273,1588272054,jumpb
228,272,1588272945,jumpb
229,277,1588273836,jumpb
230,277,1588274727,jumpb
231,272,1588275618,jumpb
232,279,1588276509,jumpb
233,279,1588277400,jumpb
234,275,1588278291,jumpb
235,274,1588279182,jumpb
236,277,1588280073,jumpb
237,275,1588280964,jumpb
238,271,1588281856,jumpb
239,271,1588282746,jumpb
240,273,1588283637,jumpb
241,279,1588284528,jumpb
242,279,1588285419,jumpb
243,281,1588285826,jumpb
244,280,1588286311,jumpb
245,279,1588286717,jumpb
246,280,1588287201,jumpb
247,283,1588287608,jumpb
248,285,1588288093,jumpb
249,282,1588288499,jumpb
250,278,1588288984,jumpb
251,279,1588289390,jumpb
252,277,1588289875,jumpb
253,274,1588290281,jumpb
254,273,1588290766,jumpb
255,272,1588291172,jumpb
256,269,1588291657,jumpb
257,270,1588292063,jumpb
258,271,1588292548,jumpb
259,276,1588292954,jumpb
260,277,1588293439,jumpb
261,274,1588293845,jumpb
262,275,1588294330,jumpb
263,273,1588294736,jumpb
264,271,1588295221,jumpb
265,272,1588295627,jumpb
266,273,1588296112,jumpb
267,268,1588296518,jumpb
268,271,1588297003,jumpb
269,273,1588297409,jumpb
270,280,1588297893,jumpb
271,277,1588298301,jumpb
272,284,1588298784,jumpb
273,286,1588299192,jumpb
274,284,1588299675,jumpb
275,289,1588300082,jumpb
276,288,1588300566,jumpb
277,287,1588300974,jumpb
278,291,1588301457,jumpb
279,281,1588301865,jumpb
280,279,1588302348,jumpb
281,279,1588302756,jumpb
282,279,1588303240,jumpb
283,281,1588303647,jumpb
284,275,1588304131,jumpb
285,279,1588304538,jumpb
286,283,1588305022,jumpb
287,281,1588305429,jumpb
288,289,1588305913,jumpb
289,289,1588306320,jumpb
290,284,1588306804,jumpb
291,287,1588307211,jumpb
292,287,1588307695,jumpb
293,288,1588308102,jumpb
294,286,1588308586,jumpb
295,285,1588308993,jumpb
296,285,1588309477,jumpb
297,287,1588309884,jumpb
298,286,1588310368,jumpb
299,286,1588310775,jumpb
300,287,1588311259,jumpb
301,287,1588311666,jumpb
302,287,1588312150,jumpb
303,287,1588312557,jumpb
304,287,1588313041,jumpb
305,286,1588313449,jumpb
306,287,1588313932,jumpb
307,287,1588314340,jumpb
308,286,1588314823,jumpb
309,287,1588315230,jumpb
310,287,1588315714,jumpb
311,286,1588316121,jumpb
312,286,1588316605,jumpb
313,287,1588317012,jumpb
314,287,1588317496,jumpb
315,286,1588317904,jumpb
316,286,1588318387,jumpb
317,286,1588318795,jumpb
318,287,1588319278,jumpb
319,286,1588319686,jumpb
320,287,1588320169,jumpb
321,287,1588320577,jumpb
322,287,1588321060,jumpb
323,287,1588321468,jumpb
324,287,1588321951,jumpb
325,287,1588322359,jumpb
326,287,1588322843,jumpb
327,287,1588323250,jumpb
328,287,1588323734,jumpb
329,287,1588324141,jumpb
330,287,1588324625,jumpb
331,285,1588325033,jumpb
332,285,1588325516,jumpb
333,286,1588325924,jumpb
334,287,1588326407,jumpb
335,287,1588326815,jumpb
336,287,1588327298,jumpb
337,287,1588327707,jumpb
338,287,1588328189,jumpb
339,287,1588328598,jumpb
340,287,1588329080,jumpb
341,287,1588329489,jumpb
342,287,1588329971,jumpb
343,287,1588330380,jumpb
344,286,1588330862,jumpb
345,286,1588331271,jumpb
346,286,1588331753,jumpb
347,286,1588332162,jumpb
348,286,1588332644,jumpb
349,286,1588333053,jumpb
350,286,1588333535,jumpb
351,286,1588333944,jumpb
352,286,1588334426,jumpb
353,286,1588334835,jumpb
354,286,1588335317,jumpb
355,285,1588335727,jumpb
356,286,1588336208,jumpb
357,286,1588336618,jumpb
358,286,1588337099,jumpb
359,286,1588337509,jumpb
360,286,1588337990,jumpb
361,286,1588338400,jumpb
362,286,1588338882,jumpb
363,285,1588339291,jumpb
364,284,1588339773,jumpb
365,284,1588340182,jumpb
366,286,1588340664,jumpb
367,285,1588341073,jumpb
368,285,1588341555,jumpb
369,285,1588341964,jumpb
370,285,1588342446,jumpb
371,285,1588342855,jumpb
372,285,1588343338,jumpb
373,285,1588343746,jumpb
374,284,1588344229,jumpb
375,284,1588344637,jumpb
376,284,1588345120,jumpb
377,284,1588345528,jumpb
378,283,1588346011,jumpb
379,284,1588346419,jumpb
380,283,1588346902,jumpb
381,283,1588347310,jumpb
382,282,1588347793,jumpb
383,279,1588348201,jumpb
384,279,1588348684,jumpb
385,284,1588349092,jumpb
386,283,1588349575,jumpb
387,284,1588349983,jumpb
388,283,1588350467,jumpb
389,283,1588350875,jumpb
390,282,1588351358,jumpb
391,283,1588351766,jumpb
392,282,1588352249,jumpb
393,283,1588352656,jumpb
394,283,1588353140,jumpb
395,284,1588353548,jumpb
396,285,1588354031,jumpb
397,284,1588354439,jumpb
398,282,1588354922,jumpb
399,281,1588355330,jumpb
400,282,1588355813,jumpb
401,283,1588356221,jumpb
402,281,1588356704,jumpb
403,279,1588357112,jumpb
404,280,1588357595,jumpb
405,279,1588358003,jumpb
406,281,1588358487,jumpb
407,281,1588358894,jumpb
408,280,1588359378,jumpb
409,278,1588359785,jumpb
410,280,1588360269,jumpb
411,279,1588360676,jumpb
412,278,1588361160,jumpb
413,278,1588361567,jumpb
414,279,1588362051,jumpb
415,281,1588362458,jumpb
416,280,1588362942,jumpb
417,278,1588363349,jumpb
418,278,1588363833,jumpb
419,281,1588364240,jumpb
420,282,1588364724,jumpb
421,281,1588365131,jumpb
422,277,1588365615,jumpb
423,277,1588366022,jumpb
424,272,1588366506,jumpb
425,276,1588366914,jumpb
426,273,1588367397,jumpb
427,273,1588367805,jumpb
428,271,1588368288,jumpb
429,269,1588368696,jumpb
430,267,1588369179,jumpb
431,267,1588369587,jumpb
432,264,1588370070,jumpb
433,267,1588370478,jumpb
434,268,1588370961,jumpb
435,266,1588371369,jumpb
436,265,1588371852,jumpb
437,263,1588372260,jumpb
438,263,1588372743,jumpb
439,263,1588373151,jumpb
440,264,1588373636,jumpb
441,264,1588374042,jumpb
442,261,1588374527,jumpb
443,263,1588374933,jumpb
444,258,1588375418,jumpb
445,256,1588375824,jumpb
446,258,1588376309,jumpb
447,258,1588376715,jumpb
448,253,1588377200,jumpb
449,250,1588377607,jumpb
450,246,1588378091,jumpb
451,250,1588378498,jumpb
452,240,1588378982,jumpb
453,237,1588379390,jumpb
454,237,1588379873,jumpb
455,239,1588380281,jumpb
456,247,1588380764,jumpb
457,248,1588381172,jumpb
458,254,1588381655,jumpb
459,259,1588382063,jumpb
460,257,1588382546,jumpb
461,254,1588382954,jumpb
462,259,1588383437,jumpb
463,262,1588383845,jumpb
464,264,1588384329,jumpb
465,265,1588384736,jumpb
466,260,1588385220,jumpb
467,265,1588385627,jumpb
468,261,1588386111,jumpb
469,264,1588386518,jumpb
470,262,1588387001,jumpb
471,261,1588387409,jumpb
472,261,1588387893,jumpb
473,257,1588388300,jumpb
474,246,1588388783,jumpb
475,244,1588389191,jumpb
476,247,1588389674,jumpb
477,248,1588390082,jumpb
478,248,1588390566,jumpb
479,253,1588390973,jumpb
480,256,1588391457,jumpb
481,262,1588391864,jumpb
482,266,1588392348,jumpb
483,266,1588392755,jumpb
484,268,1588393240,jumpb
485,268,1588393646,jumpb
486,267,1588394130,jumpb
487,267,1588394537,jumpb
488,266,1588395022,jumpb
489,268,1588395428,jumpb
490,270,1588395913,jumpb
491,270,1588396319,jumpb
492,269,1588396804,jumpb
493,268,1588397210,jumpb
494,266,1588397695,jumpb
495,268,1588398101,jumpb
496,265,1588398586,jumpb
497,266,1588398992,jumpb
498,265,1588399477,jumpb
499,267,1588399884,jumpb
500,268,1588400368,jumpb
501,267,1588400775,jumpb
502,268,1588401259,jumpb
503,265,1588401666,jumpb
504,265,1588402150,jumpb
505,266,1588402558,jumpb
506,265,1588403041,jumpb
507,266,1588403449,jumpb
508,268,1588403932,jumpb
509,265,1588404340,jumpb
510,266,1588404823,jumpb
511,266,1588405231,jumpb
512,266,1588405714,jumpb
513,267,1588406122,jumpb
514,266,1588406605,jumpb
515,266,1588407013,jumpb
516,266,1588407496,jumpb
517,267,1588407904,jumpb
518,267,1588408388,jumpb
519,266,1588408795,jumpb
520,266,1588409279,jumpb
521,266,1588409687,jumpb
522,266,1588410170,jumpb
523,266,1588410578,jumpb
524,267,1588411061,jumpb
525,268,1588411469,jumpb
526,269,1588411952,jumpb
527,268,1588412360,jumpb
528,268,1588412844,jumpb
529,268,1588413251,jumpb
530,268,1588413735,jumpb
531,268,1588414143,jumpb
532,268,1588414626,jumpb
533,268,1588415034,jumpb
534,267,1588415517,jumpb
535,269,1588415925,jumpb
536,269,1588416409,jumpb
537,269,1588416817,jumpb
538,269,1588417300,jumpb
539,269,1588417708,jumpb
540,269,1588418191,jumpb
541,269,1588418599,jumpb
542,269,1588419082,jumpb
543,267,1588419490,jumpb
544,267,1588419973,jumpb
545,267,1588420381,jumpb
546,267,1588420864,jumpb
547,266,1588421272,jumpb
548,266,1588421755,jumpb
549,267,1588422163,jumpb
550,267,1588422646,jumpb
551,267,1588423055,jumpb
552,265,1588423537,jumpb
553,266,1588423946,jumpb
554,265,1588424428,jumpb
555,262,1588424837,jumpb
556,265,1588425319,jumpb
557,265,1588425728,jumpb
558,264,1588426210,jumpb
559,262,1588426620,jumpb
560,264,1588427101,jumpb
561,264,1588427511,jumpb
562,265,1588427992,jumpb
563,265,1588428402,jumpb
564,264,1588428883,jumpb
565,263,1588429293,jumpb
566,264,1588429774,jumpb
567,264,1588430184,jumpb
568,263,1588430665,jumpb
569,264,1588431075,jumpb
570,263,1588431557,jumpb
571,264,1588431966,jumpb
572,263,1588432448,jumpb
573,264,1588432857,jumpb
574,262,1588433339,jumpb
575,261,1588433749,jumpb
576,260,1588434230,jumpb
577,256,1588434640,jumpb
578,261,1588435122,jumpb
579,261,1588435531,jumpb
580,260,1588436013,jumpb
581,259,1588436422,jumpb
582,258,1588436904,jumpb
583,257,1588437313,jumpb
584,256,1588437795,jumpb
585,256,1588438205,jumpb
586,256,1588438686,jumpb
587,257,1588439096,jumpb
588,259,1588439577,jumpb
589,257,1588439987,jumpb
590,257,1588440468,jumpb
591,257,1588440879,jumpb
592,251,1588441358,jumpb
593,252,1588441770,jumpb
594,247,1588442249,jumpb
595,248,1588442661,jumpb
596,251,1588443141,jumpb
597,256,1588443552,jumpb
598,254,1588444032,jumpb
599,253,1588444443,jumpb
600,253,1588444923,jumpb
601,255,1588445334,jumpb
602,252,1588445814,jumpb
603,254,1588446225,jumpb
604,253,1588446705,jumpb
605,252,1588447116,jumpb
606,255,1588447597,jumpb
607,250,1588448008,jumpb
608,252,1588448488,jumpb
609,253,1588448900,jumpb
610,249,1588449379,jumpb
611,248,1588449791,jumpb
612,251,1588450270,jumpb
613,245,1588450683,jumpb
614,249,1588451162,jumpb
615,245,1588451574,jumpb
616,245,1588452053,jumpb
617,245,1588452465,jumpb
618,245,1588452944,jumpb
619,248,1588453356,jumpb
620,245,1588453835,jumpb
621,245,1588454247,jumpb
622,240,1588454726,jumpb
623,239,1588455138,jumpb
624,244,1588455617,jumpb
625,243,1588456029,jumpb
626,247,1588456508,jumpb
627,244,1588456920,jumpb
628,247,1588457399,jumpb
629,249,1588457811,jumpb
630,235,1588458291,jumpb
631,233,1588458702,jumpb
632,231,1588459182,jumpb
633,235,1588459593,jumpb
634,241,1588460073,jumpb
635,239,1588460484,jumpb
636,235,1588460964,jumpb
637,234,1588461375,jumpb
638,233,1588461855,jumpb
639,234,1588462267,jumpb
640,236,1588462746,jumpb
641,239,1588463158,jumpb
642,244,1588463637,jumpb
643,246,1588464049,jumpb
644,252,1588464528,jumpb
645,246,1588464940,jumpb
646,245,1588465419,jumpb
647,253,1588465831,jumpb
648,252,1588466310,jumpb
649,252,1588466722,jumpb
650,257,1588467201,jumpb
651,255,1588467613,jumpb
652,251,1588468092,jumpb
653,252,1588468504,jumpb
654,254,1588468984,jumpb
655,248,1588469395,jumpb
656,248,1588469875,jumpb
657,247,1588470286,jumpb
658,243,1588470766,jumpb
659,243,1588471177,jumpb
660,244,1588471657,jumpb
661,237,1588472068,jumpb
662,243,1588472548,jumpb
663,241,1588472959,jumpb
664,239,1588473439,jumpb
665,241,1588473850,jumpb
666,244,1588474331,jumpb
667,243,1588474741,jumpb
668,251,1588475221,jumpb
669,251,1588475632,jumpb
670,250,1588476112,jumpb
671,251,1588476523,jumpb
672,249,1588477003,jumpb
673,255,1588477414,jumpb
674,255,1588477894,jumpb
675,263,1588478305,jumpb
676,266,1588478786,jumpb
677,274,1588479196,jumpb
678,272,1588479677,jumpb
679,274,1588480087,jumpb
680,276,1588480568,jumpb
681,275,1588480978,jumpb
682,274,1588481459,jumpb
683,273,1588481869,jumpb
684,274,1588482349,jumpb
685,272,1588482760,jumpb
686,271,1588483240,jumpb
687,271,1588483651,jumpb
688,271,1588484131,jumpb
689,270,1588484542,jumpb
690,273,1588485023,jumpb
691,271,1588485433,jumpb
692,274,1588485914,jumpb
693,273,1588486324,jumpb
694,271,1588486805,jumpb
695,268,1588487215,jumpb
696,267,1588487696,jumpb
697,268,1588488106,jumpb
698,268,1588488587,jumpb
699,267,1588488997,jumpb
700,266,1588489478,jumpb
701,263,1588489888,jumpb
702,269,1588490369,jumpb
703,271,1588490779,jumpb
704,270,1588491260,jumpb
705,271,1588491671,jumpb
706,270,1588492151,jumpb
707,270,1588492561,jumpb
708,270,1588493042,jumpb
709,271,1588493452,jumpb
710,271,1588493933,jumpb
711,271,1588494343,jumpb
712,271,1588494824,jumpb
713,270,1588495234,jumpb
714,270,1588495716,jumpb
715,269,1588496125,jumpb
716,269,1588496607,jumpb
717,269,1588497016,jumpb
718,270,1588497498,jumpb
719,270,1588497907,jumpb
720,269,1588498389,jumpb
721,270,1588498798,jumpb
722,268,1588499280,jumpb
723,268,1588499689,jumpb
724,269,1588500171,jumpb
725,269,1588500580,jumpb
726,269,1588501062,jumpb
727,267,1588501471,jumpb
728,269,1588501954,jumpb
729,269,1588502362,jumpb
730,268,1588502845,jumpb
731,269,1588503253,jumpb
732,269,1588503736,jumpb
733,269,1588504144,jumpb
734,268,1588504628,jumpb
735,268,1588505035,jumpb
736,268,1588505519,jumpb
737,267,1588505926,jumpb
738,267,1588506410,jumpb
739,268,1588506817,jumpb
740,268,1588507301,jumpb
741,268,1588507708,jumpb
742,266,1588508193,jumpb
743,267,1588508600,jumpb
744,266,1588509084,jumpb
745,265,1588509491,jumpb
746,264,1588509976,jumpb
747,264,1588510382,jumpb
748,263,1588510867,jumpb
749,264,1588511273,jumpb
750,264,1588511758,jumpb
751,265,1588512165,jumpb
752,264,1588512649,jumpb
753,265,1588513056,jumpb
754,263,1588513540,jumpb
755,262,1588513947,jumpb
756,263,1588514432,jumpb
757,263,1588514838,jumpb
758,264,1588515323,jumpb
759,264,1588515730,jumpb
760,263,1588516214,jumpb
761,264,1588516620,jumpb
762,262,1588517105,jumpb
763,262,1588517511,jumpb
764,261,1588517996,jumpb
765,263,1588518402,jumpb
766,264,1588518887,jumpb
767,263,1588519293,jumpb
768,262,1588519778,jumpb
769,263,1588520185,jumpb
770,261,1588520669,jumpb
771,262,1588521075,jumpb
772,261,1588521560,jumpb
773,261,1588521967,jumpb
774,259,1588522498,jumpb
775,259,1588523389,jumpb
776,256,1588524280,jumpb
777,256,1588525171,jumpb
778,258,1588526062,jumpb
779,254,1588526953,jumpb
780,254,1588527844,jumpb
781,251,1588528736,jumpb
782,255,1588529626,jumpb
783,250,1588530518,jumpb
784,242,1588531409,jumpb
785,236,1588532301,jumpb
786,230,1588533192,jumpb
787,229,1588534083,jumpb
788,239,1588534974,jumpb
789,232,1588535865,jumpb
790,229,1588536756,jumpb
791,233,1588537647,jumpb
792,234,1588538538,jumpb
793,234,1588539429,jumpb
794,228,1588540321,jumpb
795,234,1588541212,jumpb
796,239,1588542104,jumpb
0,6,1588069813,jumps
1,6,1588070705,jumps
2,6,1588071596,jumps
3,6,1588072488,jumps
4,6,1588073379,jumps
5,6,1588074271,jumps
6,6,1588075163,jumps
7,6,1588076054,jumps
8,6,1588076946,jumps
9,6,1588077838,jumps
10,6,1588078729,jumps
11,6,1588079621,jumps
12,6,1588080512,jumps
13,6,1588081404,jumps
14,6,1588082296,jumps
15,6,1588083187,jumps
16,6,1588084079,jumps
17,6,1588084970,jumps
18,6,1588085862,jumps
19,6,1588086753,jumps
20,6,1588087645,jumps
21,6,1588088536,jumps
22,6,1588089428,jumps
23,6,1588090320,jumps
24,6,1588091211,jumps
25,6,1588092102,jumps
26,6,1588092994,jumps
27,6,1588093885,jumps
28,6,1588094777,jumps
29,6,1588095672,jumps
30,6,1588096564,jumps
31,6,1588097455,jumps
32,6,1588098347,jumps
33,6,1588099238,jumps
34,6,1588100130,jumps
35,6,1588101022,jumps
36,6,1588101913,jumps
37,6,1588102805,jumps
38,6,1588103697,jumps
39,6,1588104588,jumps
40,6,1588105480,jumps
41,6,1588106372,jumps
42,6,1588107263,jumps
43,6,1588108155,jumps
44,6,1588109047,jumps
45,6,1588109939,jumps
46,6,1588110831,jumps
47,6,1588111723,jumps
48,6,1588112614,jumps
49,6,1588113506,jumps
50,6,1588114398,jumps
51,5,1588115289,jumps
52,5,1588116181,jumps
53,5,1588117072,jumps
54,5,1588117964,jumps
55,5,1588118856,jumps
56,4,1588119747,jumps
57,4,1588120639,jumps
58,4,1588121530,jumps
59,4,1588122423,jumps
60,4,1588123314,jumps
61,4,1588124206,jumps
62,4,1588125098,jumps
63,4,1588125989,jumps
64,4,1588126881,jumps
65,4,1588127773,jumps
66,4,1588128664,jumps
67,4,1588129556,jumps
68,4,1588130447,jumps
69,4,1588131339,jumps
70,4,1588132230,jumps
71,4,1588133122,jumps
72,4,1588134014,jumps
73,4,1588134905,jumps
74,4,1588135797,jumps
75,4,1588136689,jumps
76,4,1588137581,jumps
77,4,1588138473,jumps
78,4,1588139364,jumps
79,4,1588140257,jumps
80,4,1588141149,jumps
81,4,1588142040,jumps
82,4,1588142932,jumps
83,4,1588143823,jumps
84,4,1588144715,jumps
85,4,1588145606,jumps
86,4,1588146498,jumps
87,4,1588147389,jumps
88,4,1588148281,jumps
89,4,1588149173,jumps
90,4,1588150064,jumps
91,4,1588150956,jumps
92,4,1588151847,jumps
93,4,1588152739,jumps
94,4,1588153630,jumps
95,4,1588154522,jumps
96,4,1588155414,jumps
97,4,1588156305,jumps
98,4,1588157197,jumps
99,4,1588158089,jumps
100,4,1588158982,jumps
101,4,1588159874,jumps
102,4,1588160766,jumps
103,4,1588161657,jumps
104,4,1588162550,jumps
105,4,1588163441,jumps
106,4,1588164333,jumps
107,3,1588165224,jumps
108,3,1588166116,jumps
109,3,1588167008,jumps
110,3,1588167899,jumps
111,3,1588168791,jumps
112,3,1588169682,jumps
113,3,1588170574,jumps
114,3,1588171465,jumps
115,3,1588172357,jumps
116,3,1588173248,jumps
117,3,1588174140,jumps
118,3,1588175032,jumps
119,3,1588175924,jumps
120,3,1588176815,jumps
121,3,1588177707,jumps
122,3,1588178598,jumps
123,3,1588179490,jumps
124,3,1588180382,jumps
125,3,1588181274,jumps
126,3,1588182166,jumps
127,3,1588183057,jumps
128,3,1588183949,jumps
129,3,1588184840,jumps
130,3,1588185732,jumps
131,3,1588186623,jumps
132,3,1588187515,jumps
133,3,1588188406,jumps
134,3,1588189298,jumps
135,3,1588190189,jumps
136,3,1588191081,jumps
137,3,1588191972,jumps
138,3,1588192864,jumps
139,3,1588193755,jumps
140,3,1588194647,jumps
141,3,1588195539,jumps
142,3,1588196431,jumps
143,3,1588197322,jumps
144,3,1588198214,jumps
145,3,1588199105,jumps
146,3,1588199997,jumps
147,3,1588200888,jumps
148,3,1588201780,jumps
149,3,1588202672,jumps
150,3,1588203563,jumps
151,3,1588204455,jumps
152,3,1588205346,jumps
153,3,1588206238,jumps
154,3,1588207130,jumps
155,3,1588208021,jumps
156,3,1588208913,jumps
157,3,1588209805,jumps
158,3,1588210697,jumps
159,3,1588211589,jumps
160,3,1588212480,jumps
161,3,1588213372,jumps
162,3,1588214263,jumps
163,3,1588215155,jumps
164,3,1588216047,jumps
165,3,1588216938,jumps
166,3,1588217830,jumps
167,3,1588218722,jumps
168,3,1588219613,jumps
169,3,1588220505,jumps
170,2,1588221397,jumps
171,2,1588222288,jumps
172,2,1588223179,jumps
173,2,1588224071,jumps
174,2,1588224962,jumps
175,2,1588225854,jumps
176,2,1588226745,jumps
177,2,1588227637,jumps
178,2,1588228528,jumps
179,2,1588229420,jumps
180,2,1588230311,jumps
181,2,1588231203,jumps
182,2,1588232095,jumps
183,2,1588232986,jumps
184,2,1588233877,jumps
185,2,1588234769,jumps
186,2,1588235661,jumps
187,2,1588236552,jumps
188,2,1588237443,jumps
189,2,1588238335,jumps
190,2,1588239227,jumps
191,2,1588240118,jumps
192,2,1588241010,jumps
193,2,1588241902,jumps
194,2,1588242793,jumps
195,2,1588243685,jumps
196,2,1588244576,jumps
197,2,1588245468,jumps
198,2,1588246359,jumps
199,2,1588247250,jumps
200,2,1588248142,jumps
201,2,1588249034,jumps
202,2,1588249926,jumps
203,2,1588250817,jumps
204,2,1588251709,jumps
205,2,1588252601,jumps
206,2,1588253492,jumps
207,2,1588254384,jumps
208,2,1588255276,jumps
209,2,1588256167,jumps
210,2,1588257059,jumps
211,2,1588257950,jumps
212,2,1588258842,jumps
213,2,1588259734,jumps
214,2,1588260625,jumps
215,2,1588261517,jumps
216,2,1588262408,jumps
217,2,1588263300,jumps
218,2,1588264191,jumps
219,2,1588265083,jumps
220,1,1588265975,jumps
221,1,1588266866,jumps
222,1,1588267757,jumps
223,1,1588268649,jumps
224,1,1588269540,jumps
225,1,1588270432,jumps
226,1,1588271324,jumps
227,1,1588272215,jumps
228,1,1588273107,jumps
229,1,1588273998,jumps
230,1,1588274890,jumps
231,1,1588275781,jumps
232,1,1588276673,jumps
233,1,1588277564,jumps
234,1,1588278456,jumps
235,1,1588279348,jumps
236,1,1588280240,jumps
237,1,1588281132,jumps
238,1,1588282024,jumps
239,1,1588282916,jumps
240,1,1588283807,jumps
241,1,1588284699,jumps
242,1,1588285590,jumps
243,1,1588286482,jumps
244,1,1588287373,jumps
245,1,1588288265,jumps
246,1,1588289157,jumps
247,1,1588290048,jumps
248,1,1588290940,jumps
249,1,1588291832,jumps
250,1,1588292723,jumps
251,1,1588293615,jumps
252,1,1588294507,jumps
253,1,1588295399,jumps
254,1,1588296290,jumps
255,1,1588297181,jumps
256,1,1588298073,jumps
257,1,1588298964,jumps
258,1,1588299856,jumps
259,1,1588300747,jumps
260,1,1588301639,jumps
261,1,1588302530,jumps
262,1,1588303421,jumps
263,1,1588304314,jumps
264,1,1588305205,jumps
265,2,1588306097,jumps
266,2,1588306988,jumps
267,2,1588307880,jumps
268,2,1588308771,jumps
269,2,1588309663,jumps
270,2,1588310554,jumps
271,2,1588311445,jumps
272,2,1588312337,jumps
273,2,1588313229,jumps
274,2,1588314120,jumps
275,2,1588315011,jumps
276,2,1588315903,jumps
277,2,1588316794,jumps
278,2,1588317686,jumps
279,2,1588318577,jumps
280,2,1588319469,jumps
281,2,1588320360,jumps
282,2,1588321252,jumps
283,2,1588322143,jumps
284,2,1588323035,jumps
285,2,1588323927,jumps
286,2,1588324818,jumps
287,2,1588325710,jumps
288,2,1588326601,jumps
289,2,1588327493,jumps
290,2,1588328384,jumps
291,2,1588329276,jumps
292,2,1588330168,jumps
293,2,1588331059,jumps
294,2,1588331951,jumps
295,2,1588332842,jumps
296,2,1588333734,jumps
297,2,1588334626,jumps
298,2,1588335517,jumps
299,2,1588336409,jumps
300,2,1588337300,jumps
301,2,1588338191,jumps
302,2,1588339083,jumps
303,2,1588339975,jumps
304,2,1588340866,jumps
305,2,1588341758,jumps
306,2,1588342650,jumps
307,2,1588343541,jumps
308,2,1588344433,jumps
309,2,1588345325,jumps
310,2,1588346216,jumps
311,2,1588347108,jumps
312,2,1588348000,jumps
313,2,1588348891,jumps
314,2,1588349783,jumps
315,2,1588350674,jumps
316,2,1588351566,jumps
317,2,1588352458,jumps
318,2,1588353350,jumps
319,2,1588354242,jumps
320,2,1588355133,jumps
321,2,1588356025,jumps
322,2,1588356916,jumps
323,2,1588357808,jumps
324,2,1588358699,jumps
325,2,1588359591,jumps
326,2,1588360483,jumps
327,2,1588361374,jumps
328,2,1588362266,jumps
329,2,1588363157,jumps
330,2,1588364049,jumps
331,2,1588364940,jumps
332,2,1588365832,jumps
333,2,1588366723,jumps
334,2,1588367615,jumps
335,2,1588368506,jumps
336,2,1588369399,jumps
337,2,1588370291,jumps
338,2,1588371183,jumps
339,2,1588372074,jumps
340,2,1588372966,jumps
341,2,1588373858,jumps
342,2,1588374749,jumps
343,2,1588375641,jumps
344,1,1588376532,jumps
345,2,1588377424,jumps
346,2,1588378316,jumps
347,2,1588379207,jumps
348,2,1588380099,jumps
349,2,1588380990,jumps
350,2,1588381882,jumps
351,2,1588382773,jumps
352,2,1588383665,jumps
353,2,1588384556,jumps
354,2,1588385448,jumps
355,2,1588386339,jumps
356,2,1588387231,jumps
357,2,1588388122,jumps
358,2,1588389014,jumps
359,2,1588389905,jumps
360,2,1588390797,jumps
361,2,1588391688,jumps
362,2,1588392580,jumps
363,2,1588393471,jumps
364,2,1588394363,jumps
365,2,1588395255,jumps
366,2,1588396147,jumps
367,2,1588397038,jumps
368,2,1588397930,jumps
369,2,1588398821,jumps
370,2,1588399713,jumps
371,2,1588400605,jumps
372,2,1588401497,jumps
373,2,1588402388,jumps
374,2,1588403280,jumps
375,2,1588404171,jumps
376,2,1588405063,jumps
377,2,1588405955,jumps
378,2,1588406847,jumps
379,2,1588407739,jumps
380,2,1588408632,jumps
381,2,1588409523,jumps
382,2,1588410415,jumps
383,2,1588411307,jumps
384,2,1588412198,jumps
385,2,1588413090,jumps
386,2,1588413981,jumps
387,2,1588414873,jumps
388,2,1588415765,jumps
389,2,1588416657,jumps
390,2,1588417548,jumps
391,2,1588418440,jumps
392,2,1588419333,jumps
393,2,1588420224,jumps
394,2,1588421116,jumps
395,2,1588422008,jumps
396,2,1588422900,jumps
397,2,1588423791,jumps
398,2,1588424683,jumps
399,2,1588425574,jumps
400,2,1588426466,jumps
401,2,1588427358,jumps
402,2,1588428249,jumps
403,2,1588429141,jumps
404,2,1588430032,jumps
405,2,1588430924,jumps
406,2,1588431815,jumps
407,2,1588432707,jumps
408,2,1588433599,jumps
409,2,1588434490,jumps
410,2,1588435382,jumps
411,2,1588436274,jumps
412,2,1588437165,jumps
413,2,1588438057,jumps
414,2,1588438949,jumps
415,2,1588439841,jumps
416,2,1588440732,jumps
417,2,1588441624,jumps
418,2,1588442516,jumps
419,2,1588443407,jumps
420,2,1588444299,jumps
421,2,1588445191,jumps
422,2,1588446082,jumps
423,2,1588446973,jumps
424,2,1588447865,jumps
425,2,1588448756,jumps
426,2,1588449647,jumps
427,2,1588450539,jumps
428,2,1588451430,jumps
429,2,1588452322,jumps
430,2,1588453214,jumps
431,2,1588454106,jumps
432,2,1588454997,jumps
433,2,1588455889,jumps
434,2,1588456780,jumps
435,2,1588457672,jumps
436,2,1588458564,jumps
437,2,1588459455,jumps
438,2,1588460347,jumps
439,2,1588461239,jumps
440,1,1588462130,jumps
441,2,1588463022,jumps
442,2,1588463913,jumps
443,2,1588464804,jumps
444,2,1588465696,jumps
445,2,1588466588,jumps
446,2,1588467480,jumps
447,2,1588468371,jumps
448,2,1588469262,jumps
449,2,1588470154,jumps
450,1,1588471045,jumps
451,1,1588471937,jumps
452,1,1588472828,jumps
453,2,1588473720,jumps
454,2,1588474611,jumps
455,2,1588475503,jumps
456,2,1588476394,jumps
457,2,1588477286,jumps
458,2,1588478178,jumps
459,2,1588479070,jumps
460,2,1588479961,jumps
461,2,1588480853,jumps
462,2,1588481744,jumps
463,2,1588482635,jumps
464,2,1588483527,jumps
465,2,1588484418,jumps
466,2,1588485310,jumps
467,2,1588486201,jumps
468,2,1588487093,jumps
469,2,1588487985,jumps
470,2,1588488876,jumps
471,2,1588489767,jumps
472,2,1588490659,jumps
473,2,1588491551,jumps
474,2,1588492442,jumps
475,2,1588493334,jumps
476,2,1588494225,jumps
477,2,1588495117,jumps
478,2,1588496008,jumps
479,2,1588496899,jumps
480,2,1588497790,jumps
481,2,1588498682,jumps
482,2,1588499574,jumps
483,2,1588500465,jumps
484,2,1588501357,jumps
485,2,1588502249,jumps
486,2,1588503140,jumps
487,2,1588504032,jumps
488,2,1588504924,jumps
489,2,1588505815,jumps
490,2,1588506707,jumps
491,2,1588507598,jumps
492,2,1588508490,jumps
493,2,1588509381,jumps
494,2,1588510273,jumps
495,2,1588511164,jumps
496,2,1588512056,jumps
497,2,1588512947,jumps
498,2,1588513838,jumps
499,2,1588514730,jumps
500,2,1588515622,jumps
501,2,1588516513,jumps
502,2,1588517404,jumps
503,2,1588518296,jumps
504,2,1588519187,jumps
505,2,1588520079,jumps
506,2,1588520970,jumps
507,2,1588521862,jumps
508,2,1588522488,jumps
509,2,1588523380,jumps
510,2,1588524271,jumps
511,2,1588525163,jumps
512,2,1588526054,jumps
513,2,1588526946,jumps
514,2,1588527838,jumps
515,2,1588528729,jumps
516,2,1588529621,jumps
517,2,1588530512,jumps
518,2,1588531404,jumps
519,2,1588532296,jumps
520,2,1588533188,jumps
521,2,1588534080,jumps
522,2,1588534971,jumps
523,2,1588535863,jumps
524,2,1588536754,jumps
525,2,1588537646,jumps
526,2,1588538537,jumps
527,2,1588539429,jumps
528,2,1588540321,jumps
529,2,1588541212,jumps
530,2,1588542104,jumps
0,478,1588069561,lyft
1,474,1588070459,lyft
2,476,1588071352,lyft
3,475,1588072264,lyft
4,464,1588073167,lyft
5,467,1588074054,lyft
6,468,1588074973,lyft
7,466,1588075864,lyft
8,479,1588076764,lyft
9,512,1588077670,lyft
10,543,1588078558,lyft
11,574,1588079452,lyft
12,588,1588080347,lyft
13,588,1588081283,lyft
14,587,1588082184,lyft
15,592,1588083054,lyft
16,602,1588083971,lyft
17,599,1588084850,lyft
18,602,1588085787,lyft
19,600,1588086665,lyft
20,598,1588087568,lyft
21,596,1588088448,lyft
22,598,1588089371,lyft
23,590,1588089972,lyft
24,590,1588090866,lyft
25,586,1588091759,lyft
26,582,1588092676,lyft
27,580,1588093558,lyft
28,581,1588094460,lyft
29,578,1588095365,lyft
30,576,1588096258,lyft
31,572,1588097148,lyft
32,576,1588098062,lyft
33,577,1588098962,lyft
34,573,1588099869,lyft
35,576,1588100770,lyft
36,574,1588101672,lyft
37,575,1588102595,lyft
38,570,1588103460,lyft
39,563,1588104359,lyft
40,565,1588105298,lyft
41,576,1588106179,lyft
42,585,1588107062,lyft
43,615,1588107960,lyft
44,614,1588108861,lyft
45,617,1588109782,lyft
46,633,1588110677,lyft
47,636,1588111557,lyft
48,635,1588112465,lyft
49,638,1588113378,lyft
50,634,1588114269,lyft
51,635,1588114857,lyft
52,640,1588116053,lyft
53,637,1588116655,lyft
54,640,1588117594,lyft
55,638,1588118510,lyft
56,640,1588119360,lyft
57,645,1588120265,lyft
58,650,1588121171,lyft
59,656,1588122102,lyft
60,656,1588122966,lyft
61,653,1588123854,lyft
62,656,1588124770,lyft
63,651,1588125709,lyft
64,641,1588126573,lyft
65,634,1588127457,lyft
66,645,1588128374,lyft
67,653,1588129264,lyft
68,663,1588130163,lyft
69,658,1588131049,lyft
70,661,1588131963,lyft
71,659,1588132890,lyft
72,659,1588133759,lyft
73,658,1588134663,lyft
74,655,1588135574,lyft
75,658,1588136474,lyft
76,654,1588137359,lyft
77,657,1588138271,lyft
78,660,1588138909,lyft
79,655,1588140052,lyft
80,653,1588140963,lyft
81,659,1588141557,lyft
82,659,1588142490,lyft
83,662,1588143366,lyft
84,657,1588144250,lyft
85,656,1588145150,lyft
86,655,1588146088,lyft
87,639,1588146951,lyft
88,647,1588147844,lyft
89,648,1588148767,lyft
90,653,1588149689,lyft
91,653,1588150579,lyft
92,653,1588151498,lyft
93,651,1588152389,lyft
94,652,1588153256,lyft
95,649,1588154164,lyft
96,646,1588155051,lyft
97,644,1588155986,lyft
98,645,1588156877,lyft
99,645,1588157768,lyft
100,640,1588158668,lyft
101,624,1588159576,lyft
102,623,1588160471,lyft
103,620,1588161378,lyft
104,618,1588162260,lyft
105,622,1588163146,lyft
106,635,1588164083,lyft
107,641,1588164674,lyft
108,642,1588165581,lyft
109,658,1588166492,lyft
110,668,1588167648,lyft
111,680,1588168320,lyft
112,679,1588169173,lyft
113,681,1588170097,lyft
114,678,1588170956,lyft
115,674,1588171895,lyft
116,673,1588172776,lyft
117,669,1588173665,lyft
118,671,1588174557,lyft
119,657,1588175502,lyft
120,656,1588176365,lyft
121,654,1588177272,lyft
122,654,1588178149,lyft
123,654,1588179058,lyft
124,641,1588179970,lyft
125,652,1588180892,lyft
126,643,1588181762,lyft
127,634,1588182662,lyft
128,637,1588183556,lyft
129,629,1588184503,lyft
130,626,1588185391,lyft
131,629,1588186251,lyft
132,619,1588187155,lyft
133,627,1588188066,lyft
134,627,1588188974,lyft
135,616,1588189888,lyft
136,611,1588190765,lyft
137,608,1588191354,lyft
138,617,1588192280,lyft
139,620,1588193150,lyft
140,625,1588194104,lyft
141,631,1588194970,lyft
142,633,1588195916,lyft
143,639,1588196747,lyft
144,637,1588197670,lyft
145,627,1588198551,lyft
146,628,1588199491,lyft
147,630,1588200370,lyft
148,622,1588201252,lyft
149,617,1588202169,lyft
150,609,1588203079,lyft
151,604,1588203951,lyft
152,603,1588204858,lyft
153,590,1588205758,lyft
154,595,1588206667,lyft
155,600,1588207604,lyft
156,590,1588208463,lyft
157,592,1588209358,lyft
158,594,1588210280,lyft
159,590,1588211185,lyft
160,593,1588212049,lyft
161,583,1588212972,lyft
162,575,1588213872,lyft
163,573,1588214778,lyft
164,571,1588215655,lyft
165,564,1588216262,lyft
166,568,1588217163,lyft
167,567,1588218064,lyft
168,570,1588218949,lyft
169,574,1588219881,lyft
170,571,1588220761,lyft
171,575,1588221699,lyft
172,572,1588222563,lyft
173,569,1588223470,lyft
174,572,1588224351,lyft
175,573,1588225262,lyft
176,571,1588226211,lyft
177,567,1588227070,lyft
178,569,1588227986,lyft
179,570,1588228875,lyft
180,575,1588229753,lyft
181,577,1588230677,lyft
182,571,1588231581,lyft
183,573,1588232455,lyft
184,574,1588233351,lyft
185,572,1588234265,lyft
186,570,1588235222,lyft
187,575,1588236091,lyft
188,572,1588236964,lyft
189,574,1588237906,lyft
190,575,1588238772,lyft
191,577,1588239680,lyft
192,573,1588240589,lyft
193,572,1588241479,lyft
194,571,1588242371,lyft
195,573,1588242977,lyft
196,572,1588243864,lyft
197,571,1588244759,lyft
198,571,1588245683,lyft
199,574,1588246560,lyft
200,574,1588247489,lyft
201,564,1588248404,lyft
202,563,1588249281,lyft
203,571,1588250167,lyft
204,576,1588251078,lyft
205,583,1588251982,lyft
206,589,1588252941,lyft
207,588,1588253795,lyft
208,588,1588254704,lyft
209,592,1588255548,lyft
210,594,1588256499,lyft
211,591,1588257375,lyft
212,588,1588258269,lyft
213,595,1588259182,lyft
214,590,1588260097,lyft
215,592,1588260961,lyft
216,590,1588261881,lyft
217,593,1588262795,lyft
218,588,1588263663,lyft
219,590,1588264589,lyft
220,587,1588265448,lyft
221,588,1588266387,lyft
222,590,1588267283,lyft
223,585,1588267860,lyft
224,581,1588268754,lyft
225,576,1588269675,lyft
226,576,1588270839,lyft
227,573,1588271493,lyft
228,583,1588272396,lyft
229,580,1588273262,lyft
230,578,1588274224,lyft
231,577,1588275054,lyft
232,582,1588275982,lyft
233,574,1588276979,lyft
234,578,1588277771,lyft
235,574,1588278662,lyft
236,571,1588279559,lyft
237,578,1588280534,lyft
238,576,1588281379,lyft
239,584,1588282263,lyft
240,584,1588283162,lyft
241,586,1588284099,lyft
242,590,1588284964,lyft
243,592,1588285869,lyft
244,593,1588286756,lyft
245,596,1588287695,lyft
246,595,1588288592,lyft
247,591,1588289460,lyft
248,584,1588290385,lyft
249,587,1588291257,lyft
250,594,1588292157,lyft
251,596,1588293075,lyft
252,584,1588293955,lyft
253,577,1588294572,lyft
254,583,1588295471,lyft
255,579,1588296384,lyft
256,571,1588297254,lyft
257,572,1588298152,lyft
258,574,1588299080,lyft
259,569,1588299969,lyft
260,571,1588300895,lyft
261,566,1588301837,lyft
262,567,1588302722,lyft
263,563,1588303567,lyft
264,558,1588304453,lyft
265,561,1588305375,lyft
266,558,1588306319,lyft
267,565,1588307163,lyft
268,561,1588308061,lyft
269,556,1588309030,lyft
270,561,1588309876,lyft
271,564,1588310793,lyft
272,559,1588311671,lyft
273,564,1588312577,lyft
274,563,1588313467,lyft
275,561,1588314347,lyft
276,562,1588315251,lyft
277,557,1588316192,lyft
278,554,1588317077,lyft
279,556,1588317970,lyft
280,555,1588318871,lyft
281,553,1588319460,lyft
282,555,1588320366,lyft
283,544,1588321260,lyft
284,548,1588322163,lyft
285,546,1588323114,lyft
286,548,1588323950,lyft
287,550,1588324856,lyft
288,549,1588325746,lyft
289,550,1588326665,lyft
290,547,1588327567,lyft
291,543,1588328508,lyft
292,545,1588329417,lyft
293,547,1588330306,lyft
294,547,1588331220,lyft
295,548,1588332066,lyft
296,546,1588332974,lyft
297,546,1588333870,lyft
298,550,1588334762,lyft
299,552,1588335713,lyft
300,557,1588336553,lyft
301,554,1588337482,lyft
302,556,1588338375,lyft
303,559,1588339267,lyft
304,562,1588340155,lyft
305,568,1588341106,lyft
306,567,1588341967,lyft
307,567,1588342854,lyft
308,562,1588343761,lyft
309,563,1588344363,lyft
310,561,1588345293,lyft
311,557,1588346171,lyft
312,562,1588347073,lyft
313,557,1588348040,lyft
314,557,1588348879,lyft
315,559,1588349834,lyft
316,552,1588350659,lyft
317,546,1588351562,lyft
318,550,1588352476,lyft
319,543,1588353396,lyft
320,544,1588354250,lyft
321,537,1588355229,lyft
322,535,1588356192,lyft
323,534,1588357000,lyft
324,533,1588357929,lyft
325,528,1588358805,lyft
326,529,1588359679,lyft
327,528,1588360585,lyft
328,515,1588361487,lyft
329,513,1588362345,lyft
330,508,1588363290,lyft
331,532,1588364162,lyft
332,541,1588365104,lyft
333,543,1588365961,lyft
334,547,1588366564,lyft
335,553,1588367773,lyft
336,563,1588368678,lyft
337,564,1588369566,lyft
338,554,1588370155,lyft
339,557,1588371053,lyft
340,569,1588372023,lyft
341,560,1588372864,lyft
342,566,1588373768,lyft
343,576,1588374650,lyft
344,572,1588375547,lyft
345,577,1588376567,lyft
346,587,1588377381,lyft
347,578,1588378275,lyft
348,582,1588379168,lyft
349,577,1588380087,lyft
350,578,1588380959,lyft
351,581,1588381936,lyft
352,579,1588382752,lyft
353,577,1588383656,lyft
354,573,1588384558,lyft
355,573,1588385468,lyft
356,566,1588386346,lyft
357,578,1588387285,lyft
358,576,1588388155,lyft
359,569,1588389071,lyft
360,560,1588389951,lyft
361,565,1588390878,lyft
362,563,1588391761,lyft
363,561,1588392701,lyft
364,564,1588393560,lyft
365,565,1588394171,lyft
366,564,1588395081,lyft
367,561,1588395950,lyft
368,567,1588396859,lyft
369,566,1588397772,lyft
370,559,1588398667,lyft
371,554,1588399563,lyft
372,554,1588400460,lyft
373,559,1588401433,lyft
374,558,1588402259,lyft
375,555,1588403161,lyft
376,548,1588404070,lyft
377,551,1588404945,lyft
378,549,1588405872,lyft
379,547,1588406766,lyft
380,542,1588407659,lyft
381,542,1588408564,lyft
382,543,1588409470,lyft
383,545,1588410370,lyft
384,541,1588411265,lyft
385,539,1588412159,lyft
386,535,1588413090,lyft
387,538,1588413967,lyft
388,539,1588414856,lyft
389,545,1588415745,lyft
390,542,1588416697,lyft
391,542,1588417570,lyft
392,532,1588418492,lyft
393,535,1588419362,lyft
394,534,1588420271,lyft
395,540,1588420882,lyft
396,557,1588421760,lyft
397,559,1588422657,lyft
398,564,1588423560,lyft
399,577,1588424495,lyft
400,587,1588425389,lyft
401,598,1588426315,lyft
402,592,1588427166,lyft
403,592,1588428057,lyft
404,593,1588428977,lyft
405,593,1588429883,lyft
406,595,1588430761,lyft
407,590,1588431669,lyft
408,589,1588432567,lyft
409,584,1588433478,lyft
410,588,1588434357,lyft
411,587,1588435278,lyft
412,586,1588436151,lyft
413,577,1588437046,lyft
414,575,1588437997,lyft
415,572,1588438872,lyft
416,565,1588439772,lyft
417,566,1588440669,lyft
418,566,1588441546,lyft
419,562,1588442474,lyft
420,554,1588443381,lyft
421,565,1588444270,lyft
422,559,1588445159,lyft
423,561,1588446045,lyft
424,559,1588446675,lyft
425,548,1588447559,lyft
426,548,1588448460,lyft
427,540,1588449351,lyft
428,538,1588450265,lyft
429,542,1588451164,lyft
430,546,1588452081,lyft
431,547,1588452947,lyft
432,552,1588453881,lyft
433,558,1588454769,lyft
434,569,1588455687,lyft
435,577,1588456590,lyft
436,570,1588457464,lyft
437,574,1588458349,lyft
438,570,1588459276,lyft
439,578,1588460164,lyft
440,568,1588461077,lyft
441,570,1588461959,lyft
442,566,1588462876,lyft
443,572,1588463766,lyft
444,562,1588464658,lyft
445,565,1588465568,lyft
446,568,1588466469,lyft
447,572,1588467374,lyft
448,556,1588468262,lyft
449,557,1588469187,lyft
450,557,1588470067,lyft
451,557,1588470949,lyft
452,554,1588471572,lyft
453,560,1588472469,lyft
454,559,1588473386,lyft
455,564,1588474294,lyft
456,559,1588475187,lyft
457,560,1588476078,lyft
458,561,1588476982,lyft
459,556,1588477879,lyft
460,556,1588478786,lyft
461,556,1588479665,lyft
462,542,1588480567,lyft
463,545,1588481485,lyft
464,548,1588482401,lyft
465,544,1588483264,lyft
466,537,1588484154,lyft
467,538,1588485066,lyft
468,545,1588485961,lyft
469,544,1588486870,lyft
470,540,1588487777,lyft
471,539,1588488667,lyft
472,537,1588489572,lyft
473,536,1588490487,lyft
474,536,1588491358,lyft
475,532,1588492266,lyft
476,528,1588493182,lyft
477,531,1588494090,lyft
478,531,1588494954,lyft
479,531,1588495862,lyft
480,531,1588496479,lyft
481,530,1588497660,lyft
482,527,1588498275,lyft
483,524,1588499251,lyft
484,526,1588500073,lyft
485,526,1588500967,lyft
486,523,1588501852,lyft
487,522,1588502778,lyft
488,520,1588503677,lyft
489,521,1588504593,lyft
490,510,1588505493,lyft
491,510,1588506352,lyft
492,506,1588507258,lyft
493,515,1588508202,lyft
494,533,1588509061,lyft
495,543,1588509956,lyft
496,554,1588510856,lyft
497,558,1588511753,lyft
498,569,1588512677,lyft
499,577,1588513562,lyft
500,572,1588514477,lyft
501,573,1588515356,lyft
502,574,1588516252,lyft
503,575,1588517174,lyft
504,575,1588518084,lyft
505,571,1588518959,lyft
506,567,1588519853,lyft
507,563,1588520772,lyft
508,561,1588521671,lyft
509,561,1588522274,lyft
510,562,1588523148,lyft
511,555,1588524081,lyft
512,557,1588524971,lyft
513,552,1588525881,lyft
514,551,1588526762,lyft
515,549,1588527667,lyft
516,549,1588528547,lyft
517,548,1588529453,lyft
518,546,1588530366,lyft
519,546,1588531257,lyft
520,542,1588532170,lyft
521,533,1588533064,lyft
522,531,1588533955,lyft
523,525,1588534877,lyft
524,520,1588535765,lyft
525,522,1588536656,lyft
526,523,1588537566,lyft
527,551,1588538478,lyft
528,555,1588539346,lyft
529,563,1588540286,lyft
530,586,1588541172,lyft
531,601,1588542084,lyft
0,count,time,spin
1,403,1587903302,spin
2,403,1587904193,spin
3,402,1587905084,spin
4,402,1587905975,spin
5,401,1587906866,spin
6,400,1587907757,spin
7,400,1587908648,spin
8,399,1587909539,spin
9,398,1587910430,spin
10,399,1587911321,spin
11,399,1587912212,spin
12,406,1587913103,spin
13,412,1587913994,spin
14,416,1587914885,spin
15,418,1587915776,spin
16,426,1587916667,spin
17,434,1587917558,spin
18,440,1587918449,spin
19,441,1587919340,spin
20,439,1587920231,spin
21,440,1587921122,spin
22,440,1587922013,spin
23,440,1587922904,spin
24,441,1587923796,spin
25,440,1587924130,spin
26,441,1587925021,spin
27,438,1587925913,spin
28,439,1587926805,spin
29,439,1587927697,spin
30,439,1587928588,spin
31,435,1587929480,spin
32,438,1587930372,spin
33,433,1587931264,spin
34,431,1587932155,spin
35,431,1587933047,spin
36,430,1587933939,spin
37,429,1587934831,spin
38,426,1587935722,spin
39,424,1587936614,spin
40,425,1587937506,spin
41,425,1587938398,spin
42,425,1587939291,spin
43,424,1587940183,spin
44,421,1587941075,spin
45,421,1587941966,spin
46,416,1587942858,spin
47,414,1587943750,spin
48,412,1587944777,spin
49,412,1587945668,spin
50,412,1587946559,spin
51,410,1587947450,spin
52,410,1587948341,spin
53,410,1587949232,spin
54,409,1587950123,spin
55,407,1587951014,spin
56,403,1587951906,spin
57,404,1587952797,spin
58,404,1587953688,spin
59,401,1587954579,spin
60,401,1587955470,spin
61,399,1587956361,spin
62,401,1587957252,spin
63,399,1587958143,spin
64,399,1587959034,spin
65,398,1587959926,spin
66,391,1587978872,spin
67,390,1587979764,spin
68,390,1587980655,spin
69,390,1587981546,spin
70,390,1587982437,spin
71,390,1587983329,spin
72,390,1587984220,spin
73,390,1587985111,spin
74,390,1587986002,spin
75,390,1587986893,spin
76,390,1587987785,spin
77,390,1587988676,spin
78,389,1587989567,spin
79,389,1587990458,spin
80,391,1587991350,spin
81,390,1587992241,spin
82,389,1587993132,spin
83,389,1587994023,spin
84,388,1587994914,spin
85,388,1587995805,spin
86,388,1587996696,spin
87,387,1587997587,spin
88,385,1587998478,spin
89,385,1587999369,spin
90,385,1588000264,spin
91,384,1588001155,spin
92,384,1588002046,spin
93,384,1588002938,spin
94,383,1588003829,spin
95,393,1588004720,spin
96,405,1588005611,spin
97,409,1588005867,spin
98,418,1588006759,spin
99,426,1588007650,spin
100,431,1588008541,spin
101,430,1588009432,spin
102,431,1588010395,spin
103,432,1588011285,spin
104,430,1588012175,spin
105,429,1588013064,spin
106,428,1588013954,spin
107,428,1588014844,spin
108,428,1588015734,spin
109,423,1588016624,spin
110,422,1588017514,spin
111,425,1588018403,spin
112,421,1588019293,spin
113,426,1588020183,spin
114,424,1588021073,spin
115,422,1588021962,spin
116,424,1588022852,spin
117,423,1588023742,spin
118,426,1588024632,spin
119,429,1588025522,spin
120,429,1588026411,spin
121,426,1588027301,spin
122,424,1588028191,spin
123,426,1588029081,spin
124,425,1588029384,spin
125,422,1588030274,spin
126,421,1588031163,spin
127,421,1588032053,spin
128,417,1588032943,spin
129,418,1588033833,spin
130,418,1588034723,spin
131,417,1588035612,spin
132,418,1588036505,spin
133,412,1588037394,spin
134,411,1588038284,spin
135,413,1588039202,spin
136,409,1588040091,spin
137,410,1588040981,spin
138,404,1588041870,spin
139,407,1588042760,spin
140,405,1588043649,spin
141,403,1588044538,spin
142,403,1588045428,spin
143,399,1588046317,spin
144,400,1588047207,spin
145,399,1588048096,spin
146,400,1588048986,spin
147,397,1588049875,spin
148,400,1588050765,spin
149,401,1588051654,spin
150,400,1588052543,spin
151,399,1588053433,spin
152,398,1588054322,spin
153,397,1588055212,spin
154,397,1588056101,spin
155,398,1588056991,spin
156,397,1588057880,spin
157,397,1588058770,spin
158,397,1588059659,spin
159,397,1588060548,spin
160,397,1588061438,spin
161,397,1588062327,spin
162,397,1588063217,spin
163,397,1588064106,spin
164,397,1588064999,spin
165,396,1588065888,spin
166,396,1588066778,spin
167,396,1588067667,spin
168,397,1588068557,spin
169,397,1588069446,spin
170,397,1588070335,spin
171,397,1588071225,spin
172,397,1588072114,spin
173,397,1588073004,spin
174,397,1588073893,spin
175,397,1588074782,spin
176,397,1588075672,spin
177,396,1588076561,spin
178,397,1588077451,spin
179,396,1588078340,spin
180,395,1588079230,spin
181,394,1588080119,spin
182,392,1588081008,spin
183,392,1588081898,spin
184,390,1588082787,spin
185,390,1588083677,spin
186,390,1588084566,spin
187,390,1588085456,spin
188,388,1588086345,spin
189,387,1588087235,spin
190,387,1588088124,spin
191,392,1588089013,spin
192,395,1588089903,spin
193,396,1588090792,spin
194,400,1588091682,spin
195,399,1588092571,spin
196,408,1588093460,spin
197,417,1588094350,spin
198,421,1588095239,spin
199,433,1588096129,spin
200,440,1588097018,spin
201,439,1588097908,spin
202,437,1588098797,spin
203,437,1588099686,spin
204,436,1588100576,spin
205,436,1588101465,spin
206,438,1588102355,spin
207,437,1588103244,spin
208,438,1588104133,spin
209,435,1588105023,spin
210,433,1588105912,spin
211,430,1588106802,spin
212,435,1588107691,spin
213,434,1588108580,spin
214,437,1588109470,spin
215,436,1588110359,spin
216,434,1588111249,spin
217,431,1588112138,spin
218,434,1588113028,spin
219,435,1588113917,spin
220,435,1588114806,spin
221,434,1588115696,spin
222,432,1588116585,spin
223,430,1588117475,spin
224,428,1588118364,spin
225,428,1588119254,spin
226,430,1588120143,spin
227,433,1588121033,spin
228,433,1588121922,spin
229,432,1588122812,spin
230,432,1588123702,spin
231,430,1588124592,spin
232,432,1588125481,spin
233,428,1588126370,spin
234,426,1588127260,spin
235,426,1588128149,spin
236,426,1588129039,spin
237,429,1588129928,spin
238,426,1588130818,spin
239,427,1588131707,spin
240,427,1588132597,spin
241,427,1588133486,spin
242,428,1588134376,spin
243,425,1588135265,spin
244,424,1588136155,spin
245,425,1588137044,spin
246,426,1588137934,spin
247,424,1588138823,spin
248,423,1588139713,spin
249,425,1588140602,spin
250,425,1588141491,spin
251,423,1588142381,spin
252,422,1588143270,spin
253,423,1588144159,spin
254,424,1588145049,spin
255,424,1588145938,spin
256,424,1588146828,spin
257,424,1588147717,spin
258,424,1588148607,spin
259,422,1588149496,spin
260,422,1588150385,spin
261,422,1588151275,spin
262,422,1588152164,spin
263,422,1588153054,spin
264,422,1588153943,spin
265,422,1588154833,spin
266,422,1588155722,spin
267,422,1588156611,spin
268,422,1588157501,spin
269,421,1588158390,spin
270,421,1588159280,spin
271,421,1588160169,spin
272,421,1588161059,spin
273,416,1588161948,spin
274,419,1588162837,spin
275,418,1588163727,spin
276,418,1588164616,spin
277,416,1588165506,spin
278,415,1588166395,spin
279,415,1588167285,spin
280,414,1588168174,spin
281,414,1588169063,spin
282,414,1588169953,spin
283,414,1588170842,spin
284,414,1588171732,spin
285,419,1588172621,spin
286,427,1588173510,spin
287,425,1588174400,spin
288,423,1588175289,spin
289,423,1588176179,spin
290,423,1588177068,spin
291,422,1588177958,spin
292,425,1588178847,spin
293,425,1588179736,spin
294,423,1588180626,spin
295,428,1588181515,spin
296,429,1588182405,spin
297,428,1588183294,spin
298,429,1588184184,spin
299,430,1588185073,spin
300,431,1588185962,spin
301,431,1588186852,spin
302,430,1588187741,spin
303,429,1588188631,spin
304,429,1588189520,spin
305,426,1588190409,spin
306,426,1588191299,spin
307,428,1588192188,spin
308,440,1588193078,spin
309,448,1588193967,spin
310,457,1588194857,spin
311,466,1588195746,spin
312,470,1588196636,spin
313,469,1588197525,spin
314,467,1588198414,spin
315,466,1588199304,spin
316,467,1588200193,spin
317,465,1588201083,spin
318,464,1588201972,spin
319,464,1588202862,spin
320,460,1588203751,spin
321,463,1588204641,spin
322,464,1588205531,spin
323,463,1588206421,spin
324,457,1588207310,spin
325,458,1588208200,spin
326,455,1588209089,spin
327,455,1588209979,spin
328,457,1588210868,spin
329,457,1588211758,spin
330,453,1588212647,spin
331,453,1588213537,spin
332,453,1588214427,spin
333,450,1588215316,spin
334,449,1588216205,spin
335,451,1588217095,spin
336,446,1588217984,spin
337,446,1588218874,spin
338,448,1588219763,spin
339,448,1588220653,spin
340,449,1588221542,spin
341,451,1588222432,spin
342,448,1588223322,spin
343,446,1588224211,spin
344,442,1588225101,spin
345,445,1588225990,spin
346,446,1588226880,spin
347,448,1588227770,spin
348,444,1588228659,spin
349,445,1588229548,spin
350,445,1588230438,spin
351,444,1588231328,spin
352,446,1588232217,spin
353,446,1588233107,spin
354,446,1588233996,spin
355,446,1588234885,spin
356,446,1588235775,spin
357,446,1588236664,spin
358,444,1588237554,spin
359,445,1588238443,spin
360,445,1588239333,spin
361,444,1588240223,spin
362,443,1588241112,spin
363,443,1588242001,spin
364,443,1588242891,spin
365,442,1588243780,spin
366,443,1588244670,spin
367,443,1588245559,spin
368,441,1588246448,spin
369,442,1588247338,spin
370,436,1588248227,spin
371,440,1588249117,spin
372,438,1588250006,spin
373,438,1588250896,spin
374,438,1588251785,spin
375,439,1588252675,spin
376,439,1588253564,spin
377,439,1588254453,spin
378,438,1588255343,spin
379,438,1588256232,spin
380,437,1588257122,spin
381,437,1588258011,spin
382,436,1588258901,spin
383,442,1588259790,spin
384,451,1588260679,spin
385,454,1588261569,spin
386,458,1588262458,spin
387,466,1588263348,spin
388,469,1588264237,spin
389,478,1588265127,spin
390,481,1588266016,spin
391,479,1588266906,spin
392,482,1588267795,spin
393,481,1588268685,spin
394,483,1588269574,spin
395,482,1588270464,spin
396,483,1588271353,spin
397,482,1588272243,spin
398,479,1588273132,spin
399,475,1588274022,spin
400,479,1588274911,spin
401,476,1588275801,spin
402,478,1588276690,spin
403,477,1588277580,spin
404,475,1588278469,spin
405,479,1588279359,spin
406,482,1588280248,spin
407,488,1588281137,spin
408,487,1588282027,spin
409,487,1588282916,spin
410,482,1588283806,spin
411,483,1588284696,spin
412,500,1588522508,spin
413,501,1588523398,spin
414,501,1588524287,spin
415,500,1588525177,spin
416,503,1588526066,spin
417,514,1588526955,spin
418,517,1588527844,spin
419,518,1588528734,spin
420,530,1588529623,spin
421,532,1588530513,spin
422,532,1588531402,spin
423,531,1588532292,spin
424,533,1588533181,spin
425,530,1588534071,spin
426,534,1588534960,spin
427,539,1588535849,spin
428,544,1588536739,spin
429,543,1588537628,spin
430,539,1588538518,spin
431,540,1588539407,spin
432,539,1588540297,spin
433,536,1588541186,spin
434,539,1588542076,spin
0,143,1588069802,wheels
1,143,1588070691,wheels
2,143,1588071581,wheels
3,143,1588072470,wheels
4,143,1588073359,wheels
5,142,1588074248,wheels
6,142,1588075137,wheels
7,142,1588076027,wheels
8,142,1588076916,wheels
9,142,1588077805,wheels
10,143,1588078694,wheels
11,143,1588079583,wheels
12,143,1588080472,wheels
13,143,1588081362,wheels
14,143,1588082251,wheels
15,143,1588083140,wheels
16,143,1588084029,wheels
17,143,1588084918,wheels
18,144,1588085807,wheels
19,144,1588086697,wheels
20,144,1588087586,wheels
21,144,1588088475,wheels
22,144,1588089364,wheels
23,145,1588090253,wheels
24,145,1588091142,wheels
25,144,1588092032,wheels
26,144,1588092921,wheels
27,144,1588093810,wheels
28,144,1588094699,wheels
29,144,1588095588,wheels
30,145,1588096477,wheels
31,144,1588097366,wheels
32,144,1588098256,wheels
33,144,1588099145,wheels
34,145,1588100034,wheels
35,145,1588100923,wheels
36,144,1588101812,wheels
37,142,1588102702,wheels
38,143,1588103591,wheels
39,143,1588104480,wheels
40,143,1588105369,wheels
41,144,1588106258,wheels
42,144,1588107147,wheels
43,144,1588108037,wheels
44,143,1588108926,wheels
45,144,1588109815,wheels
46,145,1588110704,wheels
47,144,1588111593,wheels
48,144,1588112482,wheels
49,143,1588113372,wheels
50,142,1588114261,wheels
51,142,1588115150,wheels
52,143,1588116039,wheels
53,143,1588116928,wheels
54,143,1588117818,wheels
55,142,1588118707,wheels
56,142,1588119596,wheels
57,143,1588120485,wheels
58,143,1588121374,wheels
59,143,1588122264,wheels
60,143,1588123153,wheels
61,142,1588124042,wheels
62,143,1588124931,wheels
63,143,1588125820,wheels
64,144,1588126709,wheels
65,143,1588127599,wheels
66,142,1588128488,wheels
67,142,1588129377,wheels
68,143,1588130266,wheels
69,143,1588131155,wheels
70,144,1588132045,wheels
71,143,1588132934,wheels
72,143,1588133823,wheels
73,142,1588134712,wheels
74,141,1588135601,wheels
75,141,1588136490,wheels
76,141,1588137380,wheels
77,141,1588138269,wheels
78,141,1588139158,wheels
79,143,1588140047,wheels
80,143,1588140936,wheels
81,143,1588141826,wheels
82,143,1588142715,wheels
83,143,1588143604,wheels
84,143,1588144493,wheels
85,143,1588145382,wheels
86,143,1588146272,wheels
87,142,1588147161,wheels
88,142,1588148050,wheels
89,142,1588148939,wheels
90,142,1588149828,wheels
91,142,1588150718,wheels
92,143,1588151607,wheels
93,143,1588152496,wheels
94,143,1588153385,wheels
95,143,1588154274,wheels
96,143,1588155163,wheels
97,143,1588156053,wheels
98,143,1588156942,wheels
99,143,1588157831,wheels
100,143,1588158720,wheels
101,143,1588159609,wheels
102,143,1588160499,wheels
103,143,1588161388,wheels
104,143,1588162277,wheels
105,143,1588163166,wheels
106,143,1588164055,wheels
107,143,1588164945,wheels
108,143,1588165834,wheels
109,143,1588166723,wheels
110,143,1588167612,wheels
111,143,1588168501,wheels
112,143,1588169391,wheels
113,143,1588170280,wheels
114,143,1588171169,wheels
115,143,1588172058,wheels
116,143,1588172947,wheels
117,143,1588173837,wheels
118,143,1588174726,wheels
119,144,1588175615,wheels
120,144,1588176504,wheels
121,145,1588177393,wheels
122,156,1588178282,wheels
123,144,1588179172,wheels
124,154,1588180061,wheels
125,154,1588180950,wheels
126,146,1588181839,wheels
127,146,1588182728,wheels
128,155,1588183618,wheels
129,155,1588184507,wheels
130,147,1588185396,wheels
131,147,1588186285,wheels
132,147,1588187174,wheels
133,147,1588188063,wheels
134,146,1588188953,wheels
135,147,1588189842,wheels
136,145,1588190731,wheels
137,147,1588191620,wheels
138,146,1588192509,wheels
139,145,1588193399,wheels
140,145,1588194288,wheels
141,145,1588195177,wheels
142,145,1588196066,wheels
143,145,1588196956,wheels
144,144,1588197845,wheels
145,143,1588198734,wheels
146,144,1588199623,wheels
147,144,1588200512,wheels
148,144,1588201401,wheels
149,146,1588202291,wheels
150,146,1588203180,wheels
151,146,1588204069,wheels
152,146,1588204958,wheels
153,147,1588205847,wheels
154,147,1588206737,wheels
155,147,1588207626,wheels
156,146,1588208515,wheels
157,147,1588209404,wheels
158,146,1588210293,wheels
159,146,1588211183,wheels
160,145,1588212072,wheels
161,145,1588212961,wheels
162,146,1588213850,wheels
163,145,1588214739,wheels
164,145,1588215629,wheels
165,145,1588216518,wheels
166,146,1588217407,wheels
167,146,1588218296,wheels
168,146,1588219185,wheels
169,145,1588220074,wheels
170,145,1588220964,wheels
171,145,1588221853,wheels
172,145,1588222742,wheels
173,145,1588223631,wheels
174,145,1588224520,wheels
175,145,1588225409,wheels
176,146,1588226299,wheels
177,145,1588227188,wheels
178,145,1588228077,wheels
179,146,1588228966,wheels
180,146,1588229855,wheels
181,146,1588230745,wheels
182,145,1588231634,wheels
183,146,1588232523,wheels
184,146,1588233412,wheels
185,146,1588234301,wheels
186,146,1588235190,wheels
187,146,1588236080,wheels
188,146,1588236969,wheels
189,146,1588237858,wheels
190,146,1588238747,wheels
191,146,1588239636,wheels
192,146,1588240526,wheels
193,146,1588241415,wheels
194,146,1588242304,wheels
195,146,1588243193,wheels
196,146,1588244082,wheels
197,146,1588244971,wheels
198,146,1588245861,wheels
199,146,1588246750,wheels
200,146,1588247639,wheels
201,146,1588248528,wheels
202,146,1588249418,wheels
203,145,1588250307,wheels
204,145,1588251196,wheels
205,144,1588252085,wheels
206,144,1588252974,wheels
207,145,1588253864,wheels
208,146,1588254753,wheels
209,147,1588284981,wheels
210,146,1588285870,wheels
211,146,1588286759,wheels
212,146,1588287649,wheels
213,146,1588288538,wheels
214,146,1588289427,wheels
215,148,1588290316,wheels
216,147,1588291205,wheels
217,147,1588292095,wheels
218,146,1588292984,wheels
219,147,1588293873,wheels
220,146,1588294762,wheels
221,147,1588295651,wheels
222,148,1588296540,wheels
223,146,1588297430,wheels
224,146,1588298319,wheels
225,144,1588299208,wheels
226,143,1588300097,wheels
227,146,1588300986,wheels
228,146,1588301876,wheels
229,146,1588302765,wheels
230,146,1588303654,wheels
231,146,1588304543,wheels
232,148,1588305433,wheels
233,148,1588306322,wheels
234,148,1588307211,wheels
235,148,1588308100,wheels
236,147,1588308989,wheels
237,147,1588309879,wheels
238,147,1588310768,wheels
239,148,1588311657,wheels
240,148,1588312546,wheels
241,148,1588313436,wheels
242,147,1588314325,wheels
243,147,1588315214,wheels
244,147,1588316103,wheels
245,149,1588316992,wheels
246,149,1588317881,wheels
247,149,1588318770,wheels
248,148,1588319660,wheels
249,148,1588320549,wheels
250,148,1588321438,wheels
251,148,1588322327,wheels
252,148,1588323216,wheels
253,148,1588324106,wheels
254,148,1588324995,wheels
255,148,1588325884,wheels
256,148,1588326773,wheels
257,148,1588327662,wheels
258,148,1588328551,wheels
259,148,1588329440,wheels
260,148,1588330329,wheels
261,148,1588331219,wheels
262,148,1588332108,wheels
263,148,1588332997,wheels
264,148,1588333886,wheels
265,148,1588334775,wheels
266,148,1588335664,wheels
267,148,1588336554,wheels
268,148,1588337443,wheels
269,148,1588338332,wheels
270,148,1588339221,wheels
271,148,1588340110,wheels
272,148,1588340999,wheels
273,148,1588341889,wheels
274,148,1588342778,wheels
275,148,1588343667,wheels
276,147,1588344556,wheels
277,154,1588345445,wheels
278,154,1588346335,wheels
279,153,1588347224,wheels
280,154,1588348113,wheels
281,150,1588349002,wheels
282,151,1588349892,wheels
283,151,1588350781,wheels
284,151,1588351670,wheels
285,152,1588352559,wheels
286,152,1588353448,wheels
287,152,1588354337,wheels
288,155,1588355227,wheels
289,153,1588356116,wheels
290,152,1588357005,wheels
291,153,1588357894,wheels
292,152,1588358783,wheels
293,152,1588359673,wheels
294,152,1588360562,wheels
295,153,1588361451,wheels
296,152,1588362340,wheels
297,152,1588363229,wheels
298,151,1588364118,wheels
299,149,1588365008,wheels
300,148,1588365897,wheels
301,146,1588366786,wheels
302,146,1588367675,wheels
303,149,1588368564,wheels
304,147,1588369454,wheels
305,150,1588370343,wheels
306,151,1588371232,wheels
307,152,1588372121,wheels
308,150,1588373010,wheels
309,150,1588373900,wheels
310,151,1588374789,wheels
311,152,1588375678,wheels
312,152,1588376567,wheels
313,153,1588377456,wheels
314,153,1588378346,wheels
315,153,1588379235,wheels
316,152,1588380124,wheels
317,151,1588381013,wheels
318,148,1588381902,wheels
319,150,1588382791,wheels
320,152,1588383681,wheels
321,151,1588384570,wheels
322,151,1588385459,wheels
323,150,1588386348,wheels
324,151,1588387237,wheels
325,150,1588388127,wheels
326,150,1588389016,wheels
327,151,1588389905,wheels
328,152,1588390794,wheels
329,152,1588391683,wheels
330,152,1588392572,wheels
331,152,1588393462,wheels
332,151,1588394351,wheels
333,151,1588395240,wheels
334,152,1588396129,wheels
335,152,1588397018,wheels
336,151,1588397908,wheels
337,151,1588398797,wheels
338,152,1588399686,wheels
339,152,1588400575,wheels
340,152,1588401464,wheels
341,152,1588402354,wheels
342,152,1588403243,wheels
343,152,1588404132,wheels
344,152,1588405021,wheels
345,152,1588405910,wheels
346,152,1588406799,wheels
347,152,1588407689,wheels
348,152,1588408578,wheels
349,152,1588409467,wheels
350,152,1588410356,wheels
351,152,1588411246,wheels
352,152,1588412135,wheels
353,152,1588413024,wheels
354,152,1588413913,wheels
355,152,1588414802,wheels
356,152,1588415691,wheels
357,152,1588416580,wheels
358,152,1588417470,wheels
359,152,1588418359,wheels
360,152,1588419248,wheels
361,152,1588420137,wheels
362,152,1588421027,wheels
363,152,1588421916,wheels
364,152,1588422805,wheels
365,152,1588423694,wheels
366,152,1588424583,wheels
367,152,1588425478,wheels
368,152,1588426367,wheels
369,152,1588427256,wheels
370,152,1588428145,wheels
371,152,1588429034,wheels
372,152,1588429924,wheels
373,152,1588430813,wheels
374,152,1588431702,wheels
375,152,1588432591,wheels
376,150,1588433480,wheels
377,151,1588434370,wheels
378,152,1588435259,wheels
379,151,1588436148,wheels
380,151,1588437038,wheels
381,152,1588437927,wheels
382,152,1588438816,wheels
383,152,1588439705,wheels
384,152,1588440595,wheels
385,152,1588441484,wheels
386,152,1588442373,wheels
387,151,1588443262,wheels
388,150,1588444151,wheels
389,151,1588445041,wheels
390,151,1588445930,wheels
391,151,1588446819,wheels
392,150,1588447708,wheels
393,151,1588448598,wheels
394,150,1588449487,wheels
395,149,1588450376,wheels
396,150,1588451265,wheels
397,151,1588452154,wheels
398,152,1588453044,wheels
399,151,1588453933,wheels
400,150,1588454822,wheels
401,149,1588455711,wheels
402,149,1588456600,wheels
403,150,1588457489,wheels
404,150,1588458379,wheels
405,149,1588459268,wheels
406,147,1588460157,wheels
407,147,1588461046,wheels
408,147,1588461936,wheels
409,146,1588462825,wheels
410,148,1588463714,wheels
411,148,1588464603,wheels
412,148,1588465492,wheels
413,149,1588466382,wheels
414,151,1588467271,wheels
415,149,1588468160,wheels
416,148,1588469049,wheels
417,149,1588469939,wheels
418,150,1588470828,wheels
419,150,1588471717,wheels
420,151,1588472606,wheels
421,152,1588473496,wheels
422,152,1588474385,wheels
423,152,1588475274,wheels
424,152,1588476163,wheels
425,152,1588477052,wheels
426,151,1588477941,wheels
427,151,1588478831,wheels
428,152,1588479720,wheels
429,152,1588480609,wheels
430,152,1588481498,wheels
431,151,1588482387,wheels
432,152,1588483277,wheels
433,151,1588484166,wheels
434,151,1588485055,wheels
435,151,1588485944,wheels
436,151,1588486833,wheels
437,151,1588487723,wheels
438,151,1588488612,wheels
439,151,1588489501,wheels
440,151,1588490390,wheels
441,151,1588491280,wheels
442,152,1588492169,wheels
443,151,1588493058,wheels
444,151,1588493947,wheels
445,152,1588494836,wheels
446,152,1588495725,wheels
447,152,1588496615,wheels
448,152,1588497504,wheels
449,152,1588498393,wheels
450,152,1588499282,wheels
451,152,1588500172,wheels
452,152,1588501061,wheels
453,152,1588501950,wheels
454,152,1588502839,wheels
455,152,1588503728,wheels
456,152,1588504618,wheels
457,152,1588505507,wheels
458,152,1588506396,wheels
459,152,1588507286,wheels
460,152,1588508175,wheels
461,152,1588509064,wheels
462,152,1588509953,wheels
463,152,1588510842,wheels
464,152,1588511732,wheels
465,152,1588512621,wheels
466,152,1588513510,wheels
467,152,1588514399,wheels
468,151,1588515288,wheels
469,151,1588516178,wheels
470,151,1588517067,wheels
471,152,1588517956,wheels
472,152,1588518846,wheels
473,152,1588519735,wheels
474,152,1588520624,wheels
475,152,1588521513,wheels
476,152,1588522402,wheels
477,152,1588522480,wheels
478,152,1588523369,wheels
479,152,1588524259,wheels
480,151,1588525148,wheels
481,150,1588526037,wheels
482,150,1588526926,wheels
483,152,1588527815,wheels
484,151,1588528705,wheels
485,151,1588529594,wheels
486,151,1588530483,wheels
487,149,1588531372,wheels
488,149,1588532262,wheels
489,151,1588533151,wheels
490,152,1588534040,wheels
491,152,1588534929,wheels
492,152,1588535818,wheels
493,152,1588536707,wheels
494,151,1588537597,wheels
495,150,1588538486,wheels
496,150,1588539375,wheels
497,151,1588540264,wheels
498,149,1588541154,wheels
499,148,1588542043,wheels
